"","asinh.FSC.A","asinh.SSC.A","asinh.FL1.A"
"1",10.8300183452272,12.4990287722581,11.2949357132943
"2",10.2134355291411,11.5525226034584,11.8260527828054
"3",10.3993888580195,12.6411647813756,7.50079491643137
