"","asinh.FSC.A","asinh.SSC.A","asinh.FL1.A"
"1",10.9056459723561,12.7250860194234,11.3008920652183
"2",10.3980715954277,12.6406757872567,7.42193319213113
"3",10.2565137211664,11.5512697855234,11.7169169678702
