"","asinh.FSC.A","asinh.SSC.A","asinh.FL1.A"
"1",10.2547383954213,11.5502022264922,11.716989999547
"2",10.3958480218271,12.6388700809029,7.42281103521778
"3",10.9048541992859,12.724233696754,11.3016176522855
