"","asinh.FSC.A","asinh.SSC.A","asinh.FL1.A"
"1",10.811714861114,12.4634012803595,11.3071776081828
"2",10.2014695955531,11.542808426535,11.8397380927521
"3",10.3989336960985,12.6409907852267,7.49984325890982
