"","asinh.FSC.A","asinh.SSC.A","asinh.FL1.A"
"1",10.2130598674579,11.5523034819349,11.825941251303
"2",10.8295060232301,12.4984955346867,11.294940731135
"3",10.3982601791139,12.6404715264105,7.50149265324132
