"","asinh.FSC.A","asinh.SSC.A","asinh.FL1.A"
"1",10.906252309652,12.7254447779483,11.3012802153206
"2",10.397453352439,12.6400501450817,7.42214313429323
"3",10.2565550521053,11.5513714084771,11.7168530346553
