"","asinh.FSC.A","asinh.SSC.A","asinh.FL1.A"
"1",10.2083712851739,11.5479414051176,11.8286082533201
"2",10.8242161348412,12.4890339423104,11.2988334781333
"3",10.3983976895693,12.6406199568978,7.50073216355679
