"","asinh.FSC.A","asinh.SSC.A","asinh.FL1.A"
"1",10.9052825225305,12.7245706453511,11.3011306846084
"2",10.3962884568901,12.6393031286738,7.42257132817714
"3",10.2553657861814,11.5506144392965,11.7170168807438
