"","asinh.FSC.A","asinh.SSC.A","asinh.FL1.A"
"1",10.8294474086387,12.4984734143655,11.2949035888679
"2",10.3981635650912,12.6403150722876,7.50152476322737
"3",10.2124670302568,11.5518784299715,11.8255026724832
